time,Cache:adminBytes,Cache:avgBatchCACHEMODE,Cache:avgBatchCRITICAL,Cache:avgBatchDAEMON,Cache:avgBatchEVICTORTHREAD,Cache:avgBatchMANUAL,Cache:cacheTotalBytes,Cache:dataAdminBytes,Cache:dataBytes,Cache:lockBytes,Cache:nBINsEvictedCACHEMODE,Cache:nBINsEvictedCRITICAL,Cache:nBINsEvictedDAEMON,Cache:nBINsEvictedEVICTORTHREAD,Cache:nBINsEvictedMANUAL,Cache:nBINsFetch,Cache:nBINsFetchMiss,Cache:nBINsStripped,Cache:nBatchesCACHEMODE,Cache:nBatchesCRITICAL,Cache:nBatchesDAEMON,Cache:nBatchesEVICTORTHREAD,Cache:nBatchesMANUAL,Cache:nCachedBINs,Cache:nCachedUpperINs,Cache:nEvictPasses,Cache:nINCompactKey,Cache:nINNoTarget,Cache:nINSparseTarget,Cache:nLNsFetch,Cache:nLNsFetchMiss,Cache:nNodesEvicted,Cache:nNodesScanned,Cache:nNodesSelected,Cache:nRootNodesEvicted,Cache:nSharedCacheEnvironments,Cache:nThreadUnavailable,Cache:nUpperINsEvictedCACHEMODE,Cache:nUpperINsEvictedCRITICAL,Cache:nUpperINsEvictedDAEMON,Cache:nUpperINsEvictedEVICTORTHREAD,Cache:nUpperINsEvictedMANUAL,Cache:nUpperINsFetch,Cache:nUpperINsFetchMiss,Cache:requiredEvictBytes,Cache:sharedCacheTotalBytes,Checkpoints:lastCheckpointEnd,Checkpoints:lastCheckpointId,Checkpoints:lastCheckpointStart,Checkpoints:nCheckpoints,Checkpoints:nDeltaINFlush,Checkpoints:nFullBINFlush,Checkpoints:nFullINFlush,Cleaning:cleanerBackLog,Cleaning:fileDeletionBacklog,Cleaning:lastKnownUtilization,Cleaning:lnSizeCorrectionFactor,Cleaning:nBINDeltasCleaned,Cleaning:nBINDeltasDead,Cleaning:nBINDeltasMigrated,Cleaning:nBINDeltasObsolete,Cleaning:nCleanerDeletions,Cleaning:nCleanerEntriesRead,Cleaning:nCleanerProbeRuns,Cleaning:nCleanerRuns,Cleaning:nClusterLNsProcessed,Cleaning:nINsCleaned,Cleaning:nINsDead,Cleaning:nINsMigrated,Cleaning:nINsObsolete,Cleaning:nLNQueueHits,Cleaning:nLNsCleaned,Cleaning:nLNsDead,Cleaning:nLNsLocked,Cleaning:nLNsMarked,Cleaning:nLNsMigrated,Cleaning:nLNsObsolete,Cleaning:nMarkLNsProcessed,Cleaning:nPendingLNsLocked,Cleaning:nPendingLNsProcessed,Cleaning:nRepeatIteratorReads,Cleaning:nToBeCleanedLNsProcessed,Cleaning:pendingLNQueueSize,Cleaning:totalLogSize,Environment:btreeRelatchesRequired,Environment:environmentCreationTime,I/O:bufferBytes,I/O:endOfLog,I/O:nBytesReadFromWriteQueue,I/O:nBytesWrittenFromWriteQueue,I/O:nCacheMiss,I/O:nFSyncRequests,I/O:nFSyncTime,I/O:nFSyncs,I/O:nFileOpens,I/O:nGroupCommitRequests,I/O:nGroupCommitWaits,I/O:nGrpCommitTimeouts,I/O:nLogBuffers,I/O:nLogFSyncs,I/O:nLogIntervalExceeded,I/O:nLogMaxGroupCommitThreshold,I/O:nNoFreeBuffer,I/O:nNotResident,I/O:nOpenFiles,I/O:nRandomReadBytes,I/O:nRandomReads,I/O:nRandomWriteBytes,I/O:nRandomWrites,I/O:nReadsFromWriteQueue,I/O:nRepeatFaultReads,I/O:nSequentialReadBytes,I/O:nSequentialReads,I/O:nSequentialWriteBytes,I/O:nSequentialWrites,I/O:nTempBufferWrites,I/O:nWriteQueueOverflow,I/O:nWriteQueueOverflowFailures,I/O:nWritesFromWriteQueue,Jvm:PS MarkSweep.count,Jvm:PS MarkSweep.time,Jvm:PS Scavenge.count,Jvm:PS Scavenge.time,Jvm:heap,Jvm:loadAverage,Locks:nLatchAcquireNoWaitUnsuccessful,Locks:nLatchAcquiresNoWaitSuccessful,Locks:nLatchAcquiresNoWaiters,Locks:nLatchAcquiresSelfOwned,Locks:nLatchAcquiresWithContention,Locks:nLatchReleases,Locks:nRequests,Locks:nWaits,Node Compression:cursorsBins,Node Compression:dbClosedBins,Node Compression:inCompQueueSize,Node Compression:nonEmptyBins,Node Compression:processedBins,Node Compression:splitBins,Op:cursorDelete,Op:cursorGetCurrent,Op:cursorGetFirst,Op:cursorGetLast,Op:cursorGetNext,Op:cursorGetNextDup,Op:cursorGetNextNoDup,Op:cursorGetPrev,Op:cursorGetPrevDup,Op:cursorGetPrevNoDup,Op:cursorPut,Op:cursorPutCurrent,Op:cursorPutNoDupData,Op:cursorPutNoOverwrite,Op:dbDelete,Op:dbGet,Op:dbGetSearchBoth,Op:dbPut,Op:dbPutNoDupData,Op:dbPutNoOverWrite,Op:dbRemoveSequence,Op:dosCursorGetNext,Op:secondaryCursorDelete,Op:secondaryCursorGetCurrent,Op:secondaryCursorGetFirst,Op:secondaryCursorGetLast,Op:secondaryCursorGetNext,Op:secondaryCursorGetNextDup,Op:secondaryCursorGetNextNoDup,Op:secondaryCursorGetPrev,Op:secondaryCursorGetPrevDup,Op:secondaryCursorGetPrevNoDup,Op:secondaryDbDelete,Op:secondaryDbGet,Op:secondaryDbGetSearchBoth
2017-09-21 14:07:24.967 UTC,125,0,0,0,0,0,3157354,696,11501,0,0,0,0,0,0,1,0,0,0,0,0,0,0,3,3,0,0,1,5,0,0,0,0,0,0, ,0,0,0,0,0,0,0,0,0,0,943,1,369,1,0,2,4,0,0,46,0,0,0,0,0,0,0,0,0,0,0,0,0,0,0,0,0,0,0,0,0,0,0,0,0,0,0,0,0,1506002844592,3145728,0,0,0,0,2,1,2,2,2,0,0,3,3,0,0,0,0,0,0,0,38,1,0,0,2048,1,954,2,0,0,0,0,4,398,370,1518,627909776,2,0,0,0,0,0,0,3,0,0,0,0,0,0,0,0,0,0,0,0,0,0,0,0,0,0,0,0,0,0,0,0,0,0,0,0,0,0,0,0,0,0,0,0,0,0,0,0,0,0
2017-09-21 14:08:24.972 UTC,589,0,0,0,0,0,3163385,928,16956,112,0,0,0,0,0,24,0,0,0,0,0,0,0,4,4,0,0,1,6,3,0,0,0,0,0, ,0,0,0,0,0,0,0,0,0,0,943,1,369,0,0,0,0,0,0,46,0,0,0,0,0,0,0,0,0,0,0,0,0,0,0,0,0,0,0,0,0,0,0,0,0,0,0,0,0,1506002844592,3145728,0,0,0,0,3,0,3,2,3,0,0,3,3,0,0,0,0,0,0,0,0,0,0,0,4096,2,811,3,0,0,0,0,0,0,1,10,476559248,2,0,0,0,0,0,0,35,0,0,0,0,0,0,0,0,0,0,0,0,0,0,0,0,0,0,0,0,0,0,6,0,18,0,0,0,0,0,0,0,0,0,0,0,0,0,0,0,0,0
2017-09-21 14:09:24.976 UTC,589,0,0,0,0,0,3163385,928,16956,112,0,0,0,0,0,0,0,0,0,0,0,0,0,4,4,0,0,1,6,0,0,0,0,0,0, ,0,0,0,0,0,0,0,0,0,0,943,1,369,0,0,0,0,0,0,46,0,0,0,0,0,0,0,0,0,0,0,0,0,0,0,0,0,0,0,0,0,0,0,0,0,0,0,0,0,1506002844592,3145728,0,0,0,0,0,0,0,0,0,0,0,3,0,0,0,0,0,0,0,0,0,0,0,0,0,0,0,0,0,0,0,0,0,0,0,0,558665744,1,0,0,0,0,0,0,0,0,0,0,0,0,0,0,0,0,0,0,0,0,0,0,0,0,0,0,0,0,0,0,0,0,0,0,0,0,0,0,0,0,0,0,0,0,0,0,0,0,0
2017-09-21 14:10:24.979 UTC,1029,0,0,0,0,0,3169049,928,22180,112,0,0,0,0,0,232,0,0,0,0,0,0,0,4,4,0,0,1,6,54,0,0,0,0,0, ,0,0,0,0,0,0,0,0,0,0,943,1,369,0,0,0,0,0,0,46,0,0,0,0,0,0,0,0,0,0,0,0,0,0,0,0,0,0,0,0,0,0,0,0,0,0,0,0,0,1506002844592,3145728,0,0,0,0,1,0,1,0,1,0,0,3,1,0,0,0,0,0,0,0,0,0,0,0,0,0,6295,1,0,0,0,0,0,0,0,0,642893088,2,0,0,0,0,0,0,388,0,0,0,0,0,0,0,0,0,0,0,0,0,0,0,0,0,0,0,0,0,0,59,0,173,0,0,0,0,0,0,0,0,0,0,0,0,0,0,0,0,0
2017-09-21 14:11:24.983 UTC,333669,0,0,0,0,0,7532853,928,4053344,112,0,0,0,0,0,148903,0,0,0,0,0,0,0,382,8,0,133,1,6,20051,0,0,0,0,0, ,0,0,0,0,0,0,82528,0,0,0,943,1,369,0,0,0,0,0,0,39,0,0,0,0,0,0,0,0,0,0,0,0,0,0,0,0,0,0,0,0,0,0,0,0,0,0,0,0,0,1506002844592,3145728,0,0,0,0,2,4,2,0,2,0,0,3,2,0,0,0,0,0,0,0,0,0,0,0,0,0,6038507,7,0,0,0,0,0,0,1,8,638142176,2,0,0,0,0,0,0,233354,0,0,0,1,0,0,0,0,0,0,0,0,0,0,0,0,0,0,0,0,0,2,30111,0,118411,0,0,0,0,0,0,0,0,0,0,0,0,0,0,0,0,0
2017-09-21 14:12:24.986 UTC,333669,0,0,0,0,0,7532853,928,4053344,112,0,0,0,0,0,10447,0,0,0,0,0,0,0,382,8,0,133,1,6,10446,0,0,0,0,0, ,0,0,0,0,0,0,10446,0,0,0,943,1,369,0,0,0,0,0,0,39,0,0,0,0,0,0,0,0,0,0,0,0,0,0,0,0,0,0,0,0,0,0,0,0,0,0,0,0,0,1506002844592,3145728,0,0,0,0,0,0,0,0,0,0,0,3,0,0,0,0,0,0,0,0,0,0,0,0,0,0,0,0,0,0,0,0,0,0,1,7,612310472,2,0,0,0,0,0,0,20894,0,0,0,0,0,0,0,0,0,0,0,0,0,0,0,0,0,0,0,0,0,0,10445,0,0,0,0,0,0,0,0,0,0,0,0,0,0,0,0,0,0,0
2017-09-21 14:13:24.986 UTC,333669,0,0,0,0,0,7532853,928,4053344,112,0,0,0,0,0,8113,0,0,0,0,0,0,0,382,8,0,133,1,6,8113,0,0,0,0,0, ,0,0,0,0,0,0,8113,0,0,0,943,1,369,0,0,0,0,0,0,39,0,0,0,0,0,0,0,0,0,0,0,0,0,0,0,0,0,0,0,0,0,0,0,0,0,0,0,0,0,1506002844592,3145728,0,0,0,0,0,0,0,0,0,0,0,3,0,0,0,0,0,0,0,0,0,0,0,0,0,0,0,0,0,0,0,0,0,0,1,12,561905312,2,0,0,0,0,0,0,16226,0,0,0,0,0,0,0,0,0,0,0,0,0,0,0,0,0,0,0,0,0,0,8113,0,0,0,0,0,0,0,0,0,0,0,0,0,0,0,0,0,0,0
2017-09-21 14:14:24.989 UTC,333669,0,0,0,0,0,7532853,928,4053344,112,0,0,0,0,0,3846,0,0,0,0,0,0,0,382,8,0,133,1,6,3846,0,0,0,0,0, ,0,0,0,0,0,0,3846,0,0,0,943,1,369,0,0,0,0,0,0,39,0,0,0,0,0,0,0,0,0,0,0,0,0,0,0,0,0,0,0,0,0,0,0,0,0,0,0,0,0,1506002844592,3145728,0,0,0,0,0,0,0,0,0,0,0,3,0,0,0,0,0,0,0,0,0,0,0,0,0,0,0,0,0,0,0,0,0,0,1,8,497170272,2,0,0,0,0,0,0,7692,0,0,0,0,0,0,0,0,0,0,0,0,0,0,0,0,0,0,0,0,0,0,3846,0,0,0,0,0,0,0,0,0,0,0,0,0,0,0,0,0,0,0
